{
	"BUILD_DIR" : "D:/development/PKG/build-2-Desktop_Qt_6_5_3_MinGW_64_bit-Debug/2_autogen",
	"CMAKE_BINARY_DIR" : "D:/development/PKG/build-2-Desktop_Qt_6_5_3_MinGW_64_bit-Debug",
	"CMAKE_CURRENT_BINARY_DIR" : "D:/development/PKG/build-2-Desktop_Qt_6_5_3_MinGW_64_bit-Debug",
	"CMAKE_CURRENT_SOURCE_DIR" : "D:/development/PKG/2",
	"CMAKE_EXECUTABLE" : "D:/downloads/Qt/Tools/CMake_64/bin/cmake.exe",
	"CMAKE_LIST_FILES" : 
	[
		"D:/development/PKG/2/CMakeLists.txt",
		"D:/development/PKG/build-2-Desktop_Qt_6_5_3_MinGW_64_bit-Debug/.qtc/package-manager/auto-setup.cmake",
		"D:/downloads/Qt/Tools/CMake_64/share/cmake-3.24/Modules/CMakeDetermineSystem.cmake",
		"D:/downloads/Qt/Tools/CMake_64/share/cmake-3.24/Modules/CMakeSystem.cmake.in",
		"D:/development/PKG/build-2-Desktop_Qt_6_5_3_MinGW_64_bit-Debug/CMakeFiles/3.24.2/CMakeSystem.cmake",
		"D:/downloads/Qt/Tools/CMake_64/share/cmake-3.24/Modules/CMakeNinjaFindMake.cmake",
		"D:/downloads/Qt/Tools/CMake_64/share/cmake-3.24/Modules/CMakeSystemSpecificInitialize.cmake",
		"D:/downloads/Qt/Tools/CMake_64/share/cmake-3.24/Modules/CMakeDetermineCXXCompiler.cmake",
		"D:/downloads/Qt/Tools/CMake_64/share/cmake-3.24/Modules/CMakeDetermineCompiler.cmake",
		"D:/downloads/Qt/Tools/CMake_64/share/cmake-3.24/Modules/Platform/Windows-Determine-CXX.cmake",
		"D:/downloads/Qt/Tools/CMake_64/share/cmake-3.24/Modules/CMakeDetermineCompilerId.cmake",
		"D:/downloads/Qt/Tools/CMake_64/share/cmake-3.24/Modules/CMakeCompilerIdDetection.cmake",
		"D:/downloads/Qt/Tools/CMake_64/share/cmake-3.24/Modules/Compiler/ADSP-DetermineCompiler.cmake",
		"D:/downloads/Qt/Tools/CMake_64/share/cmake-3.24/Modules/Compiler/ARMCC-DetermineCompiler.cmake",
		"D:/downloads/Qt/Tools/CMake_64/share/cmake-3.24/Modules/Compiler/ARMClang-DetermineCompiler.cmake",
		"D:/downloads/Qt/Tools/CMake_64/share/cmake-3.24/Modules/Compiler/AppleClang-DetermineCompiler.cmake",
		"D:/downloads/Qt/Tools/CMake_64/share/cmake-3.24/Modules/Compiler/Clang-DetermineCompilerInternal.cmake",
		"D:/downloads/Qt/Tools/CMake_64/share/cmake-3.24/Modules/Compiler/Borland-DetermineCompiler.cmake",
		"D:/downloads/Qt/Tools/CMake_64/share/cmake-3.24/Modules/Compiler/Clang-DetermineCompiler.cmake",
		"D:/downloads/Qt/Tools/CMake_64/share/cmake-3.24/Modules/Compiler/Clang-DetermineCompilerInternal.cmake",
		"D:/downloads/Qt/Tools/CMake_64/share/cmake-3.24/Modules/Compiler/Comeau-CXX-DetermineCompiler.cmake",
		"D:/downloads/Qt/Tools/CMake_64/share/cmake-3.24/Modules/Compiler/Compaq-CXX-DetermineCompiler.cmake",
		"D:/downloads/Qt/Tools/CMake_64/share/cmake-3.24/Modules/Compiler/Cray-DetermineCompiler.cmake",
		"D:/downloads/Qt/Tools/CMake_64/share/cmake-3.24/Modules/Compiler/Embarcadero-DetermineCompiler.cmake",
		"D:/downloads/Qt/Tools/CMake_64/share/cmake-3.24/Modules/Compiler/Fujitsu-DetermineCompiler.cmake",
		"D:/downloads/Qt/Tools/CMake_64/share/cmake-3.24/Modules/Compiler/FujitsuClang-DetermineCompiler.cmake",
		"D:/downloads/Qt/Tools/CMake_64/share/cmake-3.24/Modules/Compiler/GHS-DetermineCompiler.cmake",
		"D:/downloads/Qt/Tools/CMake_64/share/cmake-3.24/Modules/Compiler/GNU-CXX-DetermineCompiler.cmake",
		"D:/downloads/Qt/Tools/CMake_64/share/cmake-3.24/Modules/Compiler/HP-CXX-DetermineCompiler.cmake",
		"D:/downloads/Qt/Tools/CMake_64/share/cmake-3.24/Modules/Compiler/IAR-DetermineCompiler.cmake",
		"D:/downloads/Qt/Tools/CMake_64/share/cmake-3.24/Modules/Compiler/IBMClang-CXX-DetermineCompiler.cmake",
		"D:/downloads/Qt/Tools/CMake_64/share/cmake-3.24/Modules/Compiler/Intel-DetermineCompiler.cmake",
		"D:/downloads/Qt/Tools/CMake_64/share/cmake-3.24/Modules/Compiler/IntelLLVM-DetermineCompiler.cmake",
		"D:/downloads/Qt/Tools/CMake_64/share/cmake-3.24/Modules/Compiler/LCC-CXX-DetermineCompiler.cmake",
		"D:/downloads/Qt/Tools/CMake_64/share/cmake-3.24/Modules/Compiler/MSVC-DetermineCompiler.cmake",
		"D:/downloads/Qt/Tools/CMake_64/share/cmake-3.24/Modules/Compiler/NVHPC-DetermineCompiler.cmake",
		"D:/downloads/Qt/Tools/CMake_64/share/cmake-3.24/Modules/Compiler/NVIDIA-DetermineCompiler.cmake",
		"D:/downloads/Qt/Tools/CMake_64/share/cmake-3.24/Modules/Compiler/OpenWatcom-DetermineCompiler.cmake",
		"D:/downloads/Qt/Tools/CMake_64/share/cmake-3.24/Modules/Compiler/PGI-DetermineCompiler.cmake",
		"D:/downloads/Qt/Tools/CMake_64/share/cmake-3.24/Modules/Compiler/PathScale-DetermineCompiler.cmake",
		"D:/downloads/Qt/Tools/CMake_64/share/cmake-3.24/Modules/Compiler/SCO-DetermineCompiler.cmake",
		"D:/downloads/Qt/Tools/CMake_64/share/cmake-3.24/Modules/Compiler/SunPro-CXX-DetermineCompiler.cmake",
		"D:/downloads/Qt/Tools/CMake_64/share/cmake-3.24/Modules/Compiler/TI-DetermineCompiler.cmake",
		"D:/downloads/Qt/Tools/CMake_64/share/cmake-3.24/Modules/Compiler/VisualAge-CXX-DetermineCompiler.cmake",
		"D:/downloads/Qt/Tools/CMake_64/share/cmake-3.24/Modules/Compiler/IBMCPP-CXX-DetermineVersionInternal.cmake",
		"D:/downloads/Qt/Tools/CMake_64/share/cmake-3.24/Modules/Compiler/Watcom-DetermineCompiler.cmake",
		"D:/downloads/Qt/Tools/CMake_64/share/cmake-3.24/Modules/Compiler/XL-CXX-DetermineCompiler.cmake",
		"D:/downloads/Qt/Tools/CMake_64/share/cmake-3.24/Modules/Compiler/IBMCPP-CXX-DetermineVersionInternal.cmake",
		"D:/downloads/Qt/Tools/CMake_64/share/cmake-3.24/Modules/Compiler/XLClang-CXX-DetermineCompiler.cmake",
		"D:/downloads/Qt/Tools/CMake_64/share/cmake-3.24/Modules/Compiler/zOS-CXX-DetermineCompiler.cmake",
		"D:/downloads/Qt/Tools/CMake_64/share/cmake-3.24/Modules/Compiler/IBMCPP-CXX-DetermineVersionInternal.cmake",
		"D:/downloads/Qt/Tools/CMake_64/share/cmake-3.24/Modules/CMakeFindBinUtils.cmake",
		"D:/downloads/Qt/Tools/CMake_64/share/cmake-3.24/Modules/Compiler/GNU-FindBinUtils.cmake",
		"D:/downloads/Qt/Tools/CMake_64/share/cmake-3.24/Modules/CMakeCXXCompiler.cmake.in",
		"D:/development/PKG/build-2-Desktop_Qt_6_5_3_MinGW_64_bit-Debug/CMakeFiles/3.24.2/CMakeCXXCompiler.cmake",
		"D:/downloads/Qt/Tools/CMake_64/share/cmake-3.24/Modules/CMakeSystemSpecificInformation.cmake",
		"D:/downloads/Qt/Tools/CMake_64/share/cmake-3.24/Modules/CMakeGenericSystem.cmake",
		"D:/downloads/Qt/Tools/CMake_64/share/cmake-3.24/Modules/CMakeInitializeConfigs.cmake",
		"D:/downloads/Qt/Tools/CMake_64/share/cmake-3.24/Modules/Platform/Windows.cmake",
		"D:/downloads/Qt/Tools/CMake_64/share/cmake-3.24/Modules/Platform/WindowsPaths.cmake",
		"D:/downloads/Qt/Tools/CMake_64/share/cmake-3.24/Modules/CMakeCXXInformation.cmake",
		"D:/downloads/Qt/Tools/CMake_64/share/cmake-3.24/Modules/CMakeLanguageInformation.cmake",
		"D:/downloads/Qt/Tools/CMake_64/share/cmake-3.24/Modules/Compiler/GNU-CXX.cmake",
		"D:/downloads/Qt/Tools/CMake_64/share/cmake-3.24/Modules/Compiler/GNU.cmake",
		"D:/downloads/Qt/Tools/CMake_64/share/cmake-3.24/Modules/Compiler/CMakeCommonCompilerMacros.cmake",
		"D:/downloads/Qt/Tools/CMake_64/share/cmake-3.24/Modules/Platform/Windows-GNU-CXX.cmake",
		"D:/downloads/Qt/Tools/CMake_64/share/cmake-3.24/Modules/Platform/Windows-GNU.cmake",
		"D:/downloads/Qt/Tools/CMake_64/share/cmake-3.24/Modules/CMakeDetermineRCCompiler.cmake",
		"D:/downloads/Qt/Tools/CMake_64/share/cmake-3.24/Modules/CMakeRCCompiler.cmake.in",
		"D:/development/PKG/build-2-Desktop_Qt_6_5_3_MinGW_64_bit-Debug/CMakeFiles/3.24.2/CMakeRCCompiler.cmake",
		"D:/downloads/Qt/Tools/CMake_64/share/cmake-3.24/Modules/CMakeRCInformation.cmake",
		"D:/downloads/Qt/Tools/CMake_64/share/cmake-3.24/Modules/Platform/Windows-windres.cmake",
		"D:/downloads/Qt/Tools/CMake_64/share/cmake-3.24/Modules/CMakeTestRCCompiler.cmake",
		"D:/downloads/Qt/Tools/CMake_64/share/cmake-3.24/Modules/CMakeCommonLanguageInclude.cmake",
		"D:/downloads/Qt/Tools/CMake_64/share/cmake-3.24/Modules/CMakeTestCXXCompiler.cmake",
		"D:/downloads/Qt/Tools/CMake_64/share/cmake-3.24/Modules/CMakeTestCompilerCommon.cmake",
		"D:/downloads/Qt/Tools/CMake_64/share/cmake-3.24/Modules/CMakeDetermineCompilerABI.cmake",
		"D:/downloads/Qt/Tools/CMake_64/share/cmake-3.24/Modules/CMakeParseImplicitIncludeInfo.cmake",
		"D:/downloads/Qt/Tools/CMake_64/share/cmake-3.24/Modules/CMakeParseImplicitLinkInfo.cmake",
		"D:/downloads/Qt/Tools/CMake_64/share/cmake-3.24/Modules/CMakeParseLibraryArchitecture.cmake",
		"D:/downloads/Qt/Tools/CMake_64/share/cmake-3.24/Modules/CMakeTestCompilerCommon.cmake",
		"D:/downloads/Qt/Tools/CMake_64/share/cmake-3.24/Modules/CMakeCXXCompilerABI.cpp",
		"D:/downloads/Qt/Tools/CMake_64/share/cmake-3.24/Modules/CMakeDetermineCompileFeatures.cmake",
		"D:/downloads/Qt/Tools/CMake_64/share/cmake-3.24/Modules/Internal/FeatureTesting.cmake",
		"D:/downloads/Qt/Tools/CMake_64/share/cmake-3.24/Modules/CMakeCXXCompiler.cmake.in",
		"D:/development/PKG/build-2-Desktop_Qt_6_5_3_MinGW_64_bit-Debug/CMakeFiles/3.24.2/CMakeCXXCompiler.cmake",
		"D:/downloads/Qt/Tools/CMake_64/share/cmake-3.24/Modules/Platform/Windows-GNU-CXX-ABI.cmake",
		"D:/downloads/Qt/6.5.3/mingw_64/lib/cmake/Qt6/Qt6ConfigVersion.cmake",
		"D:/downloads/Qt/6.5.3/mingw_64/lib/cmake/Qt6/Qt6ConfigVersionImpl.cmake",
		"D:/downloads/Qt/6.5.3/mingw_64/lib/cmake/Qt6/Qt6Config.cmake",
		"D:/downloads/Qt/6.5.3/mingw_64/lib/cmake/Qt6/Qt6ConfigExtras.cmake",
		"D:/downloads/Qt/6.5.3/mingw_64/lib/cmake/Qt6/QtPublicCMakeVersionHelpers.cmake",
		"D:/downloads/Qt/6.5.3/mingw_64/lib/cmake/Qt6/Qt6Targets.cmake",
		"D:/downloads/Qt/6.5.3/mingw_64/lib/cmake/Qt6/Qt6VersionlessTargets.cmake",
		"D:/downloads/Qt/6.5.3/mingw_64/lib/cmake/Qt6/QtFeature.cmake",
		"D:/downloads/Qt/6.5.3/mingw_64/lib/cmake/Qt6/QtFeatureCommon.cmake",
		"D:/downloads/Qt/Tools/CMake_64/share/cmake-3.24/Modules/CheckCXXCompilerFlag.cmake",
		"D:/downloads/Qt/Tools/CMake_64/share/cmake-3.24/Modules/CheckCXXSourceCompiles.cmake",
		"D:/downloads/Qt/Tools/CMake_64/share/cmake-3.24/Modules/Internal/CheckSourceCompiles.cmake",
		"D:/downloads/Qt/Tools/CMake_64/share/cmake-3.24/Modules/Internal/CheckCompilerFlag.cmake",
		"D:/downloads/Qt/Tools/CMake_64/share/cmake-3.24/Modules/Internal/CheckFlagCommonConfig.cmake",
		"D:/downloads/Qt/Tools/CMake_64/share/cmake-3.24/Modules/Internal/CheckSourceCompiles.cmake",
		"D:/downloads/Qt/Tools/CMake_64/share/cmake-3.24/Modules/CMakeCheckCompilerFlagCommonPatterns.cmake",
		"D:/downloads/Qt/6.5.3/mingw_64/lib/cmake/Qt6/QtPublicAppleHelpers.cmake",
		"D:/downloads/Qt/6.5.3/mingw_64/lib/cmake/Qt6/QtPublicFinalizerHelpers.cmake",
		"D:/downloads/Qt/6.5.3/mingw_64/lib/cmake/Qt6/QtPublicPluginHelpers.cmake",
		"D:/downloads/Qt/6.5.3/mingw_64/lib/cmake/Qt6/QtPublicTargetHelpers.cmake",
		"D:/downloads/Qt/6.5.3/mingw_64/lib/cmake/Qt6/QtPublicWalkLibsHelpers.cmake",
		"D:/downloads/Qt/6.5.3/mingw_64/lib/cmake/Qt6/QtPublicFindPackageHelpers.cmake",
		"D:/downloads/Qt/6.5.3/mingw_64/lib/cmake/Qt6/QtPublicDependencyHelpers.cmake",
		"D:/downloads/Qt/6.5.3/mingw_64/lib/cmake/Qt6/QtPublicTestHelpers.cmake",
		"D:/downloads/Qt/6.5.3/mingw_64/lib/cmake/Qt6/QtPublicToolHelpers.cmake",
		"D:/downloads/Qt/6.5.3/mingw_64/lib/cmake/Qt6/QtPublicCMakeHelpers.cmake",
		"D:/downloads/Qt/Tools/CMake_64/share/cmake-3.24/Modules/CMakeFindDependencyMacro.cmake",
		"D:/downloads/Qt/6.5.3/mingw_64/lib/cmake/Qt6/Qt6Dependencies.cmake",
		"D:/downloads/Qt/Tools/CMake_64/share/cmake-3.24/Modules/FindThreads.cmake",
		"D:/downloads/Qt/Tools/CMake_64/share/cmake-3.24/Modules/CheckLibraryExists.cmake",
		"D:/downloads/Qt/Tools/CMake_64/share/cmake-3.24/Modules/CheckIncludeFileCXX.cmake",
		"D:/downloads/Qt/Tools/CMake_64/share/cmake-3.24/Modules/CheckCXXSourceCompiles.cmake",
		"D:/downloads/Qt/Tools/CMake_64/share/cmake-3.24/Modules/FindPackageHandleStandardArgs.cmake",
		"D:/downloads/Qt/Tools/CMake_64/share/cmake-3.24/Modules/FindPackageMessage.cmake",
		"D:/downloads/Qt/6.5.3/mingw_64/lib/cmake/Qt6/Qt6ConfigVersion.cmake",
		"D:/downloads/Qt/6.5.3/mingw_64/lib/cmake/Qt6/Qt6ConfigVersionImpl.cmake",
		"D:/downloads/Qt/6.5.3/mingw_64/lib/cmake/Qt6/Qt6Config.cmake",
		"D:/downloads/Qt/6.5.3/mingw_64/lib/cmake/Qt6/Qt6ConfigExtras.cmake",
		"D:/downloads/Qt/6.5.3/mingw_64/lib/cmake/Qt6/QtPublicCMakeVersionHelpers.cmake",
		"D:/downloads/Qt/6.5.3/mingw_64/lib/cmake/Qt6/Qt6Targets.cmake",
		"D:/downloads/Qt/6.5.3/mingw_64/lib/cmake/Qt6/Qt6VersionlessTargets.cmake",
		"D:/downloads/Qt/6.5.3/mingw_64/lib/cmake/Qt6/QtFeature.cmake",
		"D:/downloads/Qt/6.5.3/mingw_64/lib/cmake/Qt6/QtFeatureCommon.cmake",
		"D:/downloads/Qt/Tools/CMake_64/share/cmake-3.24/Modules/CheckCXXCompilerFlag.cmake",
		"D:/downloads/Qt/6.5.3/mingw_64/lib/cmake/Qt6/QtPublicAppleHelpers.cmake",
		"D:/downloads/Qt/6.5.3/mingw_64/lib/cmake/Qt6/QtPublicFinalizerHelpers.cmake",
		"D:/downloads/Qt/6.5.3/mingw_64/lib/cmake/Qt6/QtPublicPluginHelpers.cmake",
		"D:/downloads/Qt/6.5.3/mingw_64/lib/cmake/Qt6/QtPublicTargetHelpers.cmake",
		"D:/downloads/Qt/6.5.3/mingw_64/lib/cmake/Qt6/QtPublicWalkLibsHelpers.cmake",
		"D:/downloads/Qt/6.5.3/mingw_64/lib/cmake/Qt6/QtPublicFindPackageHelpers.cmake",
		"D:/downloads/Qt/6.5.3/mingw_64/lib/cmake/Qt6/QtPublicDependencyHelpers.cmake",
		"D:/downloads/Qt/6.5.3/mingw_64/lib/cmake/Qt6/QtPublicTestHelpers.cmake",
		"D:/downloads/Qt/6.5.3/mingw_64/lib/cmake/Qt6/QtPublicToolHelpers.cmake",
		"D:/downloads/Qt/6.5.3/mingw_64/lib/cmake/Qt6/QtPublicCMakeHelpers.cmake",
		"D:/downloads/Qt/Tools/CMake_64/share/cmake-3.24/Modules/CMakeFindDependencyMacro.cmake",
		"D:/downloads/Qt/6.5.3/mingw_64/lib/cmake/Qt6/Qt6Dependencies.cmake",
		"D:/downloads/Qt/Tools/CMake_64/share/cmake-3.24/Modules/FindThreads.cmake",
		"D:/downloads/Qt/Tools/CMake_64/share/cmake-3.24/Modules/CheckLibraryExists.cmake",
		"D:/downloads/Qt/Tools/CMake_64/share/cmake-3.24/Modules/CheckIncludeFileCXX.cmake",
		"D:/downloads/Qt/Tools/CMake_64/share/cmake-3.24/Modules/CheckCXXSourceCompiles.cmake",
		"D:/downloads/Qt/Tools/CMake_64/share/cmake-3.24/Modules/FindPackageHandleStandardArgs.cmake",
		"D:/downloads/Qt/Tools/CMake_64/share/cmake-3.24/Modules/FindPackageMessage.cmake",
		"D:/downloads/Qt/6.5.3/mingw_64/lib/cmake/Qt6Widgets/Qt6WidgetsConfigVersion.cmake",
		"D:/downloads/Qt/6.5.3/mingw_64/lib/cmake/Qt6Widgets/Qt6WidgetsConfigVersionImpl.cmake",
		"D:/downloads/Qt/6.5.3/mingw_64/lib/cmake/Qt6Widgets/Qt6WidgetsConfig.cmake",
		"D:/downloads/Qt/Tools/CMake_64/share/cmake-3.24/Modules/CMakeFindDependencyMacro.cmake",
		"D:/downloads/Qt/6.5.3/mingw_64/lib/cmake/Qt6Widgets/Qt6WidgetsDependencies.cmake",
		"D:/downloads/Qt/6.5.3/mingw_64/lib/cmake/Qt6WidgetsTools/Qt6WidgetsToolsConfigVersion.cmake",
		"D:/downloads/Qt/6.5.3/mingw_64/lib/cmake/Qt6WidgetsTools/Qt6WidgetsToolsConfigVersionImpl.cmake",
		"D:/downloads/Qt/6.5.3/mingw_64/lib/cmake/Qt6WidgetsTools/Qt6WidgetsToolsConfig.cmake",
		"D:/downloads/Qt/Tools/CMake_64/share/cmake-3.24/Modules/CMakeFindDependencyMacro.cmake",
		"D:/downloads/Qt/6.5.3/mingw_64/lib/cmake/Qt6WidgetsTools/Qt6WidgetsToolsDependencies.cmake",
		"D:/downloads/Qt/6.5.3/mingw_64/lib/cmake/Qt6CoreTools/Qt6CoreToolsConfigVersion.cmake",
		"D:/downloads/Qt/6.5.3/mingw_64/lib/cmake/Qt6CoreTools/Qt6CoreToolsConfigVersionImpl.cmake",
		"D:/downloads/Qt/6.5.3/mingw_64/lib/cmake/Qt6CoreTools/Qt6CoreToolsConfig.cmake",
		"D:/downloads/Qt/Tools/CMake_64/share/cmake-3.24/Modules/CMakeFindDependencyMacro.cmake",
		"D:/downloads/Qt/6.5.3/mingw_64/lib/cmake/Qt6CoreTools/Qt6CoreToolsDependencies.cmake",
		"D:/downloads/Qt/6.5.3/mingw_64/lib/cmake/Qt6CoreTools/Qt6CoreToolsTargets.cmake",
		"D:/downloads/Qt/6.5.3/mingw_64/lib/cmake/Qt6CoreTools/Qt6CoreToolsTargets-relwithdebinfo.cmake",
		"D:/downloads/Qt/6.5.3/mingw_64/lib/cmake/Qt6CoreTools/Qt6CoreToolsAdditionalTargetInfo.cmake",
		"D:/downloads/Qt/6.5.3/mingw_64/lib/cmake/Qt6CoreTools/Qt6CoreToolsVersionlessTargets.cmake",
		"D:/downloads/Qt/6.5.3/mingw_64/lib/cmake/Qt6GuiTools/Qt6GuiToolsConfigVersion.cmake",
		"D:/downloads/Qt/6.5.3/mingw_64/lib/cmake/Qt6GuiTools/Qt6GuiToolsConfigVersionImpl.cmake",
		"D:/downloads/Qt/6.5.3/mingw_64/lib/cmake/Qt6GuiTools/Qt6GuiToolsConfig.cmake",
		"D:/downloads/Qt/Tools/CMake_64/share/cmake-3.24/Modules/CMakeFindDependencyMacro.cmake",
		"D:/downloads/Qt/6.5.3/mingw_64/lib/cmake/Qt6GuiTools/Qt6GuiToolsDependencies.cmake",
		"D:/downloads/Qt/6.5.3/mingw_64/lib/cmake/Qt6GuiTools/Qt6GuiToolsTargets.cmake",
		"D:/downloads/Qt/6.5.3/mingw_64/lib/cmake/Qt6GuiTools/Qt6GuiToolsTargets-relwithdebinfo.cmake",
		"D:/downloads/Qt/6.5.3/mingw_64/lib/cmake/Qt6GuiTools/Qt6GuiToolsAdditionalTargetInfo.cmake",
		"D:/downloads/Qt/6.5.3/mingw_64/lib/cmake/Qt6GuiTools/Qt6GuiToolsVersionlessTargets.cmake",
		"D:/downloads/Qt/6.5.3/mingw_64/lib/cmake/Qt6WidgetsTools/Qt6WidgetsToolsTargets.cmake",
		"D:/downloads/Qt/6.5.3/mingw_64/lib/cmake/Qt6WidgetsTools/Qt6WidgetsToolsTargets-relwithdebinfo.cmake",
		"D:/downloads/Qt/6.5.3/mingw_64/lib/cmake/Qt6WidgetsTools/Qt6WidgetsToolsAdditionalTargetInfo.cmake",
		"D:/downloads/Qt/6.5.3/mingw_64/lib/cmake/Qt6WidgetsTools/Qt6WidgetsToolsVersionlessTargets.cmake",
		"D:/downloads/Qt/6.5.3/mingw_64/lib/cmake/Qt6Core/Qt6CoreConfigVersion.cmake",
		"D:/downloads/Qt/6.5.3/mingw_64/lib/cmake/Qt6Core/Qt6CoreConfigVersionImpl.cmake",
		"D:/downloads/Qt/6.5.3/mingw_64/lib/cmake/Qt6Core/Qt6CoreConfig.cmake",
		"D:/downloads/Qt/Tools/CMake_64/share/cmake-3.24/Modules/CMakeFindDependencyMacro.cmake",
		"D:/downloads/Qt/6.5.3/mingw_64/lib/cmake/Qt6Core/Qt6CoreDependencies.cmake",
		"D:/downloads/Qt/6.5.3/mingw_64/lib/cmake/Qt6/FindWrapAtomic.cmake",
		"D:/downloads/Qt/Tools/CMake_64/share/cmake-3.24/Modules/CheckCXXSourceCompiles.cmake",
		"D:/downloads/Qt/Tools/CMake_64/share/cmake-3.24/Modules/FindPackageHandleStandardArgs.cmake",
		"D:/downloads/Qt/Tools/CMake_64/share/cmake-3.24/Modules/FindPackageMessage.cmake",
		"D:/downloads/Qt/6.5.3/mingw_64/lib/cmake/Qt6CoreTools/Qt6CoreToolsConfigVersion.cmake",
		"D:/downloads/Qt/6.5.3/mingw_64/lib/cmake/Qt6CoreTools/Qt6CoreToolsConfigVersionImpl.cmake",
		"D:/downloads/Qt/6.5.3/mingw_64/lib/cmake/Qt6CoreTools/Qt6CoreToolsConfig.cmake",
		"D:/downloads/Qt/Tools/CMake_64/share/cmake-3.24/Modules/CMakeFindDependencyMacro.cmake",
		"D:/downloads/Qt/6.5.3/mingw_64/lib/cmake/Qt6CoreTools/Qt6CoreToolsDependencies.cmake",
		"D:/downloads/Qt/6.5.3/mingw_64/lib/cmake/Qt6CoreTools/Qt6CoreToolsTargets.cmake",
		"D:/downloads/Qt/6.5.3/mingw_64/lib/cmake/Qt6CoreTools/Qt6CoreToolsAdditionalTargetInfo.cmake",
		"D:/downloads/Qt/6.5.3/mingw_64/lib/cmake/Qt6CoreTools/Qt6CoreToolsVersionlessTargets.cmake",
		"D:/downloads/Qt/6.5.3/mingw_64/lib/cmake/Qt6ZlibPrivate/Qt6ZlibPrivateConfigVersion.cmake",
		"D:/downloads/Qt/6.5.3/mingw_64/lib/cmake/Qt6ZlibPrivate/Qt6ZlibPrivateConfigVersionImpl.cmake",
		"D:/downloads/Qt/6.5.3/mingw_64/lib/cmake/Qt6ZlibPrivate/Qt6ZlibPrivateConfig.cmake",
		"D:/downloads/Qt/Tools/CMake_64/share/cmake-3.24/Modules/CMakeFindDependencyMacro.cmake",
		"D:/downloads/Qt/6.5.3/mingw_64/lib/cmake/Qt6ZlibPrivate/Qt6ZlibPrivateTargets.cmake",
		"D:/downloads/Qt/6.5.3/mingw_64/lib/cmake/Qt6ZlibPrivate/Qt6ZlibPrivateAdditionalTargetInfo.cmake",
		"D:/downloads/Qt/6.5.3/mingw_64/lib/cmake/Qt6ZlibPrivate/Qt6ZlibPrivateVersionlessTargets.cmake",
		"D:/downloads/Qt/6.5.3/mingw_64/lib/cmake/Qt6EntryPointPrivate/Qt6EntryPointPrivateConfigVersion.cmake",
		"D:/downloads/Qt/6.5.3/mingw_64/lib/cmake/Qt6EntryPointPrivate/Qt6EntryPointPrivateConfigVersionImpl.cmake",
		"D:/downloads/Qt/6.5.3/mingw_64/lib/cmake/Qt6EntryPointPrivate/Qt6EntryPointPrivateConfig.cmake",
		"D:/downloads/Qt/Tools/CMake_64/share/cmake-3.24/Modules/CMakeFindDependencyMacro.cmake",
		"D:/downloads/Qt/6.5.3/mingw_64/lib/cmake/Qt6EntryPointPrivate/Qt6EntryPointPrivateTargets.cmake",
		"D:/downloads/Qt/6.5.3/mingw_64/lib/cmake/Qt6EntryPointPrivate/Qt6EntryPointPrivateTargets-relwithdebinfo.cmake",
		"D:/downloads/Qt/6.5.3/mingw_64/lib/cmake/Qt6EntryPointPrivate/Qt6EntryPointPrivateAdditionalTargetInfo.cmake",
		"D:/downloads/Qt/6.5.3/mingw_64/lib/cmake/Qt6EntryPointPrivate/Qt6EntryPointPrivateVersionlessTargets.cmake",
		"D:/downloads/Qt/6.5.3/mingw_64/lib/cmake/Qt6EntryPointPrivate/Qt6EntryPointMinGW32Target.cmake",
		"D:/downloads/Qt/6.5.3/mingw_64/lib/cmake/Qt6Core/Qt6CoreTargets.cmake",
		"D:/downloads/Qt/6.5.3/mingw_64/lib/cmake/Qt6Core/Qt6CoreTargets-relwithdebinfo.cmake",
		"D:/downloads/Qt/6.5.3/mingw_64/lib/cmake/Qt6Core/Qt6CoreAdditionalTargetInfo.cmake",
		"D:/downloads/Qt/6.5.3/mingw_64/lib/cmake/Qt6Core/Qt6CoreVersionlessTargets.cmake",
		"D:/downloads/Qt/6.5.3/mingw_64/lib/cmake/Qt6Core/Qt6CoreMacros.cmake",
		"D:/downloads/Qt/6.5.3/mingw_64/lib/cmake/Qt6Core/Qt6CoreConfigExtras.cmake",
		"D:/downloads/Qt/6.5.3/mingw_64/lib/cmake/Qt6Core/QtInstallPaths.cmake",
		"D:/downloads/Qt/Tools/CMake_64/share/cmake-3.24/Modules/GNUInstallDirs.cmake",
		"D:/downloads/Qt/6.5.3/mingw_64/lib/cmake/Qt6Gui/Qt6GuiConfigVersion.cmake",
		"D:/downloads/Qt/6.5.3/mingw_64/lib/cmake/Qt6Gui/Qt6GuiConfigVersionImpl.cmake",
		"D:/downloads/Qt/6.5.3/mingw_64/lib/cmake/Qt6Gui/Qt6GuiConfig.cmake",
		"D:/downloads/Qt/Tools/CMake_64/share/cmake-3.24/Modules/CMakeFindDependencyMacro.cmake",
		"D:/downloads/Qt/6.5.3/mingw_64/lib/cmake/Qt6Gui/Qt6GuiDependencies.cmake",
		"D:/downloads/Qt/6.5.3/mingw_64/lib/cmake/Qt6/FindWrapVulkanHeaders.cmake",
		"D:/downloads/Qt/Tools/CMake_64/share/cmake-3.24/Modules/FindVulkan.cmake",
		"D:/downloads/Qt/Tools/CMake_64/share/cmake-3.24/Modules/FindPackageHandleStandardArgs.cmake",
		"D:/downloads/Qt/Tools/CMake_64/share/cmake-3.24/Modules/FindPackageMessage.cmake",
		"D:/downloads/Qt/Tools/CMake_64/share/cmake-3.24/Modules/FindPackageHandleStandardArgs.cmake",
		"D:/downloads/Qt/Tools/CMake_64/share/cmake-3.24/Modules/FindPackageMessage.cmake",
		"D:/downloads/Qt/6.5.3/mingw_64/lib/cmake/Qt6GuiTools/Qt6GuiToolsConfigVersion.cmake",
		"D:/downloads/Qt/6.5.3/mingw_64/lib/cmake/Qt6GuiTools/Qt6GuiToolsConfigVersionImpl.cmake",
		"D:/downloads/Qt/6.5.3/mingw_64/lib/cmake/Qt6GuiTools/Qt6GuiToolsConfig.cmake",
		"D:/downloads/Qt/Tools/CMake_64/share/cmake-3.24/Modules/CMakeFindDependencyMacro.cmake",
		"D:/downloads/Qt/6.5.3/mingw_64/lib/cmake/Qt6GuiTools/Qt6GuiToolsDependencies.cmake",
		"D:/downloads/Qt/6.5.3/mingw_64/lib/cmake/Qt6GuiTools/Qt6GuiToolsTargets.cmake",
		"D:/downloads/Qt/6.5.3/mingw_64/lib/cmake/Qt6GuiTools/Qt6GuiToolsAdditionalTargetInfo.cmake",
		"D:/downloads/Qt/6.5.3/mingw_64/lib/cmake/Qt6GuiTools/Qt6GuiToolsVersionlessTargets.cmake",
		"D:/downloads/Qt/6.5.3/mingw_64/lib/cmake/Qt6Gui/Qt6GuiTargets.cmake",
		"D:/downloads/Qt/6.5.3/mingw_64/lib/cmake/Qt6Gui/Qt6GuiTargets-relwithdebinfo.cmake",
		"D:/downloads/Qt/6.5.3/mingw_64/lib/cmake/Qt6Gui/Qt6GuiAdditionalTargetInfo.cmake",
		"D:/downloads/Qt/6.5.3/mingw_64/lib/cmake/Qt6Gui/Qt6GuiVersionlessTargets.cmake",
		"D:/downloads/Qt/6.5.3/mingw_64/lib/cmake/Qt6Gui/Qt6GuiPlugins.cmake",
		"D:/downloads/Qt/6.5.3/mingw_64/lib/cmake/Qt6Gui/Qt6QGifPluginConfig.cmake",
		"D:/downloads/Qt/Tools/CMake_64/share/cmake-3.24/Modules/CMakeFindDependencyMacro.cmake",
		"D:/downloads/Qt/6.5.3/mingw_64/lib/cmake/Qt6Gui/Qt6QGifPluginTargets.cmake",
		"D:/downloads/Qt/6.5.3/mingw_64/lib/cmake/Qt6Gui/Qt6QGifPluginTargets-relwithdebinfo.cmake",
		"D:/downloads/Qt/6.5.3/mingw_64/lib/cmake/Qt6Gui/Qt6QGifPluginAdditionalTargetInfo.cmake",
		"D:/downloads/Qt/6.5.3/mingw_64/lib/cmake/Qt6Gui/Qt6QICNSPluginConfig.cmake",
		"D:/downloads/Qt/Tools/CMake_64/share/cmake-3.24/Modules/CMakeFindDependencyMacro.cmake",
		"D:/downloads/Qt/6.5.3/mingw_64/lib/cmake/Qt6Gui/Qt6QICNSPluginTargets.cmake",
		"D:/downloads/Qt/6.5.3/mingw_64/lib/cmake/Qt6Gui/Qt6QICNSPluginTargets-relwithdebinfo.cmake",
		"D:/downloads/Qt/6.5.3/mingw_64/lib/cmake/Qt6Gui/Qt6QICNSPluginAdditionalTargetInfo.cmake",
		"D:/downloads/Qt/6.5.3/mingw_64/lib/cmake/Qt6Gui/Qt6QICOPluginConfig.cmake",
		"D:/downloads/Qt/Tools/CMake_64/share/cmake-3.24/Modules/CMakeFindDependencyMacro.cmake",
		"D:/downloads/Qt/6.5.3/mingw_64/lib/cmake/Qt6Gui/Qt6QICOPluginTargets.cmake",
		"D:/downloads/Qt/6.5.3/mingw_64/lib/cmake/Qt6Gui/Qt6QICOPluginTargets-relwithdebinfo.cmake",
		"D:/downloads/Qt/6.5.3/mingw_64/lib/cmake/Qt6Gui/Qt6QICOPluginAdditionalTargetInfo.cmake",
		"D:/downloads/Qt/6.5.3/mingw_64/lib/cmake/Qt6Gui/Qt6QInsightTrackerPluginConfig.cmake",
		"D:/downloads/Qt/Tools/CMake_64/share/cmake-3.24/Modules/CMakeFindDependencyMacro.cmake",
		"D:/downloads/Qt/6.5.3/mingw_64/lib/cmake/Qt6Gui/Qt6QInsightTrackerPluginTargets.cmake",
		"D:/downloads/Qt/6.5.3/mingw_64/lib/cmake/Qt6Gui/Qt6QInsightTrackerPluginTargets-relwithdebinfo.cmake",
		"D:/downloads/Qt/6.5.3/mingw_64/lib/cmake/Qt6Gui/Qt6QInsightTrackerPluginAdditionalTargetInfo.cmake",
		"D:/downloads/Qt/6.5.3/mingw_64/lib/cmake/Qt6Gui/Qt6QJpegPluginConfig.cmake",
		"D:/downloads/Qt/Tools/CMake_64/share/cmake-3.24/Modules/CMakeFindDependencyMacro.cmake",
		"D:/downloads/Qt/6.5.3/mingw_64/lib/cmake/Qt6Gui/Qt6QJpegPluginTargets.cmake",
		"D:/downloads/Qt/6.5.3/mingw_64/lib/cmake/Qt6Gui/Qt6QJpegPluginTargets-relwithdebinfo.cmake",
		"D:/downloads/Qt/6.5.3/mingw_64/lib/cmake/Qt6Gui/Qt6QJpegPluginAdditionalTargetInfo.cmake",
		"D:/downloads/Qt/6.5.3/mingw_64/lib/cmake/Qt6Gui/Qt6QMinimalIntegrationPluginConfig.cmake",
		"D:/downloads/Qt/Tools/CMake_64/share/cmake-3.24/Modules/CMakeFindDependencyMacro.cmake",
		"D:/downloads/Qt/6.5.3/mingw_64/lib/cmake/Qt6Gui/Qt6QMinimalIntegrationPluginTargets.cmake",
		"D:/downloads/Qt/6.5.3/mingw_64/lib/cmake/Qt6Gui/Qt6QMinimalIntegrationPluginTargets-relwithdebinfo.cmake",
		"D:/downloads/Qt/6.5.3/mingw_64/lib/cmake/Qt6Gui/Qt6QMinimalIntegrationPluginAdditionalTargetInfo.cmake",
		"D:/downloads/Qt/6.5.3/mingw_64/lib/cmake/Qt6Gui/Qt6QOffscreenIntegrationPluginConfig.cmake",
		"D:/downloads/Qt/Tools/CMake_64/share/cmake-3.24/Modules/CMakeFindDependencyMacro.cmake",
		"D:/downloads/Qt/6.5.3/mingw_64/lib/cmake/Qt6Gui/Qt6QOffscreenIntegrationPluginTargets.cmake",
		"D:/downloads/Qt/6.5.3/mingw_64/lib/cmake/Qt6Gui/Qt6QOffscreenIntegrationPluginTargets-relwithdebinfo.cmake",
		"D:/downloads/Qt/6.5.3/mingw_64/lib/cmake/Qt6Gui/Qt6QOffscreenIntegrationPluginAdditionalTargetInfo.cmake",
		"D:/downloads/Qt/6.5.3/mingw_64/lib/cmake/Qt6Gui/Qt6QSvgIconPluginConfig.cmake",
		"D:/downloads/Qt/Tools/CMake_64/share/cmake-3.24/Modules/CMakeFindDependencyMacro.cmake",
		"D:/downloads/Qt/6.5.3/mingw_64/lib/cmake/Qt6Gui/Qt6QSvgIconPluginTargets.cmake",
		"D:/downloads/Qt/6.5.3/mingw_64/lib/cmake/Qt6Gui/Qt6QSvgIconPluginTargets-relwithdebinfo.cmake",
		"D:/downloads/Qt/6.5.3/mingw_64/lib/cmake/Qt6Gui/Qt6QSvgIconPluginAdditionalTargetInfo.cmake",
		"D:/downloads/Qt/6.5.3/mingw_64/lib/cmake/Qt6Gui/Qt6QSvgPluginConfig.cmake",
		"D:/downloads/Qt/Tools/CMake_64/share/cmake-3.24/Modules/CMakeFindDependencyMacro.cmake",
		"D:/downloads/Qt/6.5.3/mingw_64/lib/cmake/Qt6Gui/Qt6QSvgPluginTargets.cmake",
		"D:/downloads/Qt/6.5.3/mingw_64/lib/cmake/Qt6Gui/Qt6QSvgPluginTargets-relwithdebinfo.cmake",
		"D:/downloads/Qt/6.5.3/mingw_64/lib/cmake/Qt6Gui/Qt6QSvgPluginAdditionalTargetInfo.cmake",
		"D:/downloads/Qt/6.5.3/mingw_64/lib/cmake/Qt6Gui/Qt6QTgaPluginConfig.cmake",
		"D:/downloads/Qt/Tools/CMake_64/share/cmake-3.24/Modules/CMakeFindDependencyMacro.cmake",
		"D:/downloads/Qt/6.5.3/mingw_64/lib/cmake/Qt6Gui/Qt6QTgaPluginTargets.cmake",
		"D:/downloads/Qt/6.5.3/mingw_64/lib/cmake/Qt6Gui/Qt6QTgaPluginTargets-relwithdebinfo.cmake",
		"D:/downloads/Qt/6.5.3/mingw_64/lib/cmake/Qt6Gui/Qt6QTgaPluginAdditionalTargetInfo.cmake",
		"D:/downloads/Qt/6.5.3/mingw_64/lib/cmake/Qt6Gui/Qt6QTiffPluginConfig.cmake",
		"D:/downloads/Qt/Tools/CMake_64/share/cmake-3.24/Modules/CMakeFindDependencyMacro.cmake",
		"D:/downloads/Qt/6.5.3/mingw_64/lib/cmake/Qt6Gui/Qt6QTiffPluginTargets.cmake",
		"D:/downloads/Qt/6.5.3/mingw_64/lib/cmake/Qt6Gui/Qt6QTiffPluginTargets-relwithdebinfo.cmake",
		"D:/downloads/Qt/6.5.3/mingw_64/lib/cmake/Qt6Gui/Qt6QTiffPluginAdditionalTargetInfo.cmake",
		"D:/downloads/Qt/6.5.3/mingw_64/lib/cmake/Qt6Gui/Qt6QTuioTouchPluginConfig.cmake",
		"D:/downloads/Qt/Tools/CMake_64/share/cmake-3.24/Modules/CMakeFindDependencyMacro.cmake",
		"D:/downloads/Qt/6.5.3/mingw_64/lib/cmake/Qt6Gui/Qt6QTuioTouchPluginTargets.cmake",
		"D:/downloads/Qt/6.5.3/mingw_64/lib/cmake/Qt6Gui/Qt6QTuioTouchPluginTargets-relwithdebinfo.cmake",
		"D:/downloads/Qt/6.5.3/mingw_64/lib/cmake/Qt6Gui/Qt6QTuioTouchPluginAdditionalTargetInfo.cmake",
		"D:/downloads/Qt/6.5.3/mingw_64/lib/cmake/Qt6Gui/Qt6QVirtualKeyboardPluginConfig.cmake",
		"D:/downloads/Qt/Tools/CMake_64/share/cmake-3.24/Modules/CMakeFindDependencyMacro.cmake",
		"D:/downloads/Qt/6.5.3/mingw_64/lib/cmake/Qt6Gui/Qt6QVirtualKeyboardPluginTargets.cmake",
		"D:/downloads/Qt/6.5.3/mingw_64/lib/cmake/Qt6Gui/Qt6QVirtualKeyboardPluginTargets-relwithdebinfo.cmake",
		"D:/downloads/Qt/6.5.3/mingw_64/lib/cmake/Qt6Gui/Qt6QVirtualKeyboardPluginAdditionalTargetInfo.cmake",
		"D:/downloads/Qt/6.5.3/mingw_64/lib/cmake/Qt6Gui/Qt6QWbmpPluginConfig.cmake",
		"D:/downloads/Qt/Tools/CMake_64/share/cmake-3.24/Modules/CMakeFindDependencyMacro.cmake",
		"D:/downloads/Qt/6.5.3/mingw_64/lib/cmake/Qt6Gui/Qt6QWbmpPluginTargets.cmake",
		"D:/downloads/Qt/6.5.3/mingw_64/lib/cmake/Qt6Gui/Qt6QWbmpPluginTargets-relwithdebinfo.cmake",
		"D:/downloads/Qt/6.5.3/mingw_64/lib/cmake/Qt6Gui/Qt6QWbmpPluginAdditionalTargetInfo.cmake",
		"D:/downloads/Qt/6.5.3/mingw_64/lib/cmake/Qt6Gui/Qt6QWebpPluginConfig.cmake",
		"D:/downloads/Qt/Tools/CMake_64/share/cmake-3.24/Modules/CMakeFindDependencyMacro.cmake",
		"D:/downloads/Qt/6.5.3/mingw_64/lib/cmake/Qt6Gui/Qt6QWebpPluginTargets.cmake",
		"D:/downloads/Qt/6.5.3/mingw_64/lib/cmake/Qt6Gui/Qt6QWebpPluginTargets-relwithdebinfo.cmake",
		"D:/downloads/Qt/6.5.3/mingw_64/lib/cmake/Qt6Gui/Qt6QWebpPluginAdditionalTargetInfo.cmake",
		"D:/downloads/Qt/6.5.3/mingw_64/lib/cmake/Qt6Gui/Qt6QWindowsDirect2DIntegrationPluginConfig.cmake",
		"D:/downloads/Qt/Tools/CMake_64/share/cmake-3.24/Modules/CMakeFindDependencyMacro.cmake",
		"D:/downloads/Qt/6.5.3/mingw_64/lib/cmake/Qt6Gui/Qt6QWindowsDirect2DIntegrationPluginTargets.cmake",
		"D:/downloads/Qt/6.5.3/mingw_64/lib/cmake/Qt6Gui/Qt6QWindowsDirect2DIntegrationPluginTargets-relwithdebinfo.cmake",
		"D:/downloads/Qt/6.5.3/mingw_64/lib/cmake/Qt6Gui/Qt6QWindowsDirect2DIntegrationPluginAdditionalTargetInfo.cmake",
		"D:/downloads/Qt/6.5.3/mingw_64/lib/cmake/Qt6Gui/Qt6QWindowsIntegrationPluginConfig.cmake",
		"D:/downloads/Qt/Tools/CMake_64/share/cmake-3.24/Modules/CMakeFindDependencyMacro.cmake",
		"D:/downloads/Qt/6.5.3/mingw_64/lib/cmake/Qt6Gui/Qt6QWindowsIntegrationPluginTargets.cmake",
		"D:/downloads/Qt/6.5.3/mingw_64/lib/cmake/Qt6Gui/Qt6QWindowsIntegrationPluginTargets-relwithdebinfo.cmake",
		"D:/downloads/Qt/6.5.3/mingw_64/lib/cmake/Qt6Gui/Qt6QWindowsIntegrationPluginAdditionalTargetInfo.cmake",
		"D:/downloads/Qt/6.5.3/mingw_64/lib/cmake/Qt6Widgets/Qt6WidgetsTargets.cmake",
		"D:/downloads/Qt/6.5.3/mingw_64/lib/cmake/Qt6Widgets/Qt6WidgetsTargets-relwithdebinfo.cmake",
		"D:/downloads/Qt/6.5.3/mingw_64/lib/cmake/Qt6Widgets/Qt6WidgetsAdditionalTargetInfo.cmake",
		"D:/downloads/Qt/6.5.3/mingw_64/lib/cmake/Qt6Widgets/Qt6WidgetsVersionlessTargets.cmake",
		"D:/downloads/Qt/6.5.3/mingw_64/lib/cmake/Qt6Widgets/Qt6WidgetsMacros.cmake",
		"D:/downloads/Qt/6.5.3/mingw_64/lib/cmake/Qt6Widgets/Qt6WidgetsPlugins.cmake",
		"D:/downloads/Qt/6.5.3/mingw_64/lib/cmake/Qt6Widgets/Qt6QWindowsVistaStylePluginConfig.cmake",
		"D:/downloads/Qt/Tools/CMake_64/share/cmake-3.24/Modules/CMakeFindDependencyMacro.cmake",
		"D:/downloads/Qt/6.5.3/mingw_64/lib/cmake/Qt6Widgets/Qt6QWindowsVistaStylePluginTargets.cmake",
		"D:/downloads/Qt/6.5.3/mingw_64/lib/cmake/Qt6Widgets/Qt6QWindowsVistaStylePluginTargets-relwithdebinfo.cmake",
		"D:/downloads/Qt/6.5.3/mingw_64/lib/cmake/Qt6Widgets/Qt6QWindowsVistaStylePluginAdditionalTargetInfo.cmake",
		"D:/downloads/Qt/Tools/CMake_64/share/cmake-3.24/Modules/GNUInstallDirs.cmake"
	],
	"CMAKE_SOURCE_DIR" : "D:/development/PKG/2",
	"DEP_FILE" : "D:/development/PKG/build-2-Desktop_Qt_6_5_3_MinGW_64_bit-Debug/2_autogen/deps",
	"DEP_FILE_RULE_NAME" : "2_autogen/timestamp",
	"HEADERS" : 
	[
		[
			"D:/development/PKG/2/mainwindow.h",
			"MU",
			"EWIEGA46WW/moc_mainwindow.cpp",
			null
		]
	],
	"HEADER_EXTENSIONS" : [ "h", "hh", "h++", "hm", "hpp", "hxx", "in", "txx" ],
	"INCLUDE_DIR" : "D:/development/PKG/build-2-Desktop_Qt_6_5_3_MinGW_64_bit-Debug/2_autogen/include",
	"MOC_COMPILATION_FILE" : "D:/development/PKG/build-2-Desktop_Qt_6_5_3_MinGW_64_bit-Debug/2_autogen/mocs_compilation.cpp",
	"MOC_DEFINITIONS" : 
	[
		"MINGW_HAS_SECURE_API=1",
		"QT_CORE_LIB",
		"QT_GUI_LIB",
		"QT_NEEDS_QMAIN",
		"QT_WIDGETS_LIB",
		"UNICODE",
		"WIN32",
		"WIN64",
		"_ENABLE_EXTENDED_ALIGNED_STORAGE",
		"_UNICODE",
		"_WIN64"
	],
	"MOC_DEPEND_FILTERS" : 
	[
		[
			"Q_PLUGIN_METADATA",
			"[\n][ \t]*Q_PLUGIN_METADATA[ \t]*\\([^\\)]*FILE[ \t]*\"([^\"]+)\""
		]
	],
	"MOC_INCLUDES" : 
	[
		"D:/downloads/Qt/6.5.3/mingw_64/include/QtCore",
		"D:/downloads/Qt/6.5.3/mingw_64/include",
		"D:/downloads/Qt/6.5.3/mingw_64/mkspecs/win32-g++",
		"D:/downloads/Qt/6.5.3/mingw_64/include/QtWidgets",
		"D:/downloads/Qt/6.5.3/mingw_64/include/QtGui",
		"D:/downloads/Qt/Tools/mingw1120_64/lib/gcc/x86_64-w64-mingw32/11.2.0/include/c++",
		"D:/downloads/Qt/Tools/mingw1120_64/lib/gcc/x86_64-w64-mingw32/11.2.0/include/c++/x86_64-w64-mingw32",
		"D:/downloads/Qt/Tools/mingw1120_64/lib/gcc/x86_64-w64-mingw32/11.2.0/include/c++/backward",
		"D:/downloads/Qt/Tools/mingw1120_64/lib/gcc/x86_64-w64-mingw32/11.2.0/include",
		"D:/downloads/Qt/Tools/mingw1120_64/lib/gcc/x86_64-w64-mingw32/11.2.0/include-fixed",
		"D:/downloads/Qt/Tools/mingw1120_64/x86_64-w64-mingw32/include"
	],
	"MOC_MACRO_NAMES" : 
	[
		"Q_OBJECT",
		"Q_GADGET",
		"Q_NAMESPACE",
		"Q_NAMESPACE_EXPORT",
		"Q_GADGET_EXPORT"
	],
	"MOC_OPTIONS" : [],
	"MOC_PATH_PREFIX" : false,
	"MOC_PREDEFS_CMD" : 
	[
		"D:/downloads/Qt/Tools/mingw1120_64/bin/g++.exe",
		"-dM",
		"-E",
		"-c",
		"D:/downloads/Qt/Tools/CMake_64/share/cmake-3.24/Modules/CMakeCXXCompilerABI.cpp"
	],
	"MOC_PREDEFS_FILE" : "D:/development/PKG/build-2-Desktop_Qt_6_5_3_MinGW_64_bit-Debug/2_autogen/moc_predefs.h",
	"MOC_RELAXED_MODE" : false,
	"MOC_SKIP" : [],
	"MULTI_CONFIG" : false,
	"PARALLEL" : 6,
	"PARSE_CACHE_FILE" : "D:/development/PKG/build-2-Desktop_Qt_6_5_3_MinGW_64_bit-Debug/CMakeFiles/2_autogen.dir/ParseCache.txt",
	"QT_MOC_EXECUTABLE" : "D:/downloads/Qt/6.5.3/mingw_64/./bin/moc.exe",
	"QT_UIC_EXECUTABLE" : "D:/downloads/Qt/6.5.3/mingw_64/./bin/uic.exe",
	"QT_VERSION_MAJOR" : 6,
	"QT_VERSION_MINOR" : 5,
	"SETTINGS_FILE" : "D:/development/PKG/build-2-Desktop_Qt_6_5_3_MinGW_64_bit-Debug/CMakeFiles/2_autogen.dir/AutogenUsed.txt",
	"SOURCES" : 
	[
		[ "D:/development/PKG/2/main.cpp", "MU", null ],
		[ "D:/development/PKG/2/mainwindow.cpp", "MU", null ]
	],
	"UIC_OPTIONS" : [],
	"UIC_SEARCH_PATHS" : [],
	"UIC_SKIP" : [],
	"UIC_UI_FILES" : [],
	"VERBOSITY" : 0
}
